OGUN STATE AEFI LINE LIST - SEPTEMBER 2026 (synthetic test data, 50 cases)
Case ID,Patient,Hospital Number,Sex,Age,Vaccine,Batch,Date of Vaccination,Date of Onset,Reaction,Outcome,Seriousness,Reporter,Report Date
OG-901,A.A.,OGH/2026/04130,F,2,Penta,PEN2601,2026-08-22,2026-08-22,Fever,Recovered,Non-serious,Nurse,2026-08-23
OG-902,B.O.,OGH/2026/04137,M,1,Measles,MEA2602,2026-08-22,2026-08-23,Rash,Recovered,Non-serious,Doctor,2026-08-24
OG-903,C.E.,OGH/2026/04144,F,3,BCG,BCG2603,2026-08-23,2026-08-24,Injection site pain,Recovering,Non-serious,Nurse,2026-08-25
OG-904,D.I.,OGH/2026/04151,M,1,OPV,OPV2604,2026-08-23,2026-08-23,Feaver,Resolved,Non-serious,CHEW,2026-08-24
OG-905,E.A.,OGH/2026/04158,F,4,Yellow Fever,YFV2605,2026-08-24,2026-08-25,Headache,Recovered,Non-serious,Physician,2026-08-26
OG-906,F.O.,OGH/2026/04165,M,2,PCV13,PCV2606,2026-08-24,2026-08-24,Vomitting,Recovered,Non-serious,Nurse,2026-08-25
OG-907,G.U.,OGH/2026/04172,F,5,Rota,ROT2607,2026-08-25,2026-08-26,Diarrhea,Improving,Non-serious,Consumer,2026-08-27
OG-908,H.N.,OGH/2026/04179,M,3,Td,TD2608,2026-08-25,2026-08-25,Injection site swelling,Recovered,Non-serious,Nurse,2026-08-26
OG-909,I.K.,OGH/2026/04186,F,12,HPV,HPV2609,2026-08-26,2026-08-26,Dizziness,Recovered,Non-serious,Doctor,2026-08-27
OG-910,J.M.,OGH/2026/04193,M,1,Penta,PEN2610,2026-08-26,2026-08-27,Convulsion,Recovering,Serious,Doctor,2026-08-28
OG-911,K.A.,OGH/2026/04200,F,2,Measles,MEA2611,2026-08-27,2026-08-27,Hotness of body,Recovered,Non-serious,Community volunteer,2026-08-28
OG-912,L.B.,OGH/2026/04207,M,6,COVID-19 (Pfizer-BioNTech),CVD2612,2026-08-27,2026-08-28,Myalgia,Recovered,Non-serious,Pharmacist,2026-08-29
OG-913,M.C.,OGH/2026/04214,F,1,Penta + OPV,PEN2613,2026-08-28,2026-08-28,Fever / Vomiting,Recovered,Non-serious,Nurse,2026-08-29
OG-914,N.D.,OGH/2026/04221,M,2,BCG,BCG2614,2026-08-28,2026-08-30,Abscess,Recovering,Serious,Doctor,2026-08-31
OG-915,O.E.,OGH/2026/04228,F,3,Measles-Rubella (MR),MR2615,2026-08-29,2026-08-29,Urticaria,Recovered,Non-serious,Nurse,2026-08-30
OG-916,P.F.,OGH/2026/04235,M,1,OPV,OPV2616,2026-08-29,2026-08-30,Body weakness,Recovering,Non-serious,Matron,2026-08-31
OG-917,Q.G.,OGH/2026/04242,F,4,Yellow Fever,YFV2617,2026-08-30,2026-08-31,Fever,Hospitalized,Serious,Doctor,2026-09-01
OG-918,R.H.,OGH/2026/04249,M,2,PCV13,PCV2618,2026-08-30,2026-08-30,Nausea,Recovered,Non-serious,Nurse,2026-08-31
OG-919,S.I.,OGH/2026/04256,F,1,Rota,ROT2619,2026-08-31,2026-09-01,Abdominal pain,Recovered,Non-serious,Doctor,2026-09-02
OG-920,T.J.,OGH/2026/04263,M,5,Td,TD2620,2026-08-31,2026-08-31,Injection site painful,Recovered,Non-serious,Nurse,2026-09-01
OG-921,U.K.,OGH/2026/04270,Female,13,HPV,HPV2621,2026-09-01,2026-09-01,Syncope,Recovered,Non-serious,Physician,2026-09-02
OG-922,V.L.,OGH/2026/04277,M,1,Penta,PEN2622,2026-09-01,2026-09-02,Crying,Recovered,Non-serious,Consumer,2026-09-03
OG-923,W.M.,OGH/2026/04284,F,2,Measles,MEA2623,2026-09-02,2026-09-02,Rashes,Resolved,Non-serious,Nurse,2026-09-03
OG-924,X.N.,OGH/2026/04291,M,3,BCG,BCG2624,2026-09-02,2026-09-04,Lymphadenitis,Recovering,Serious,Doctor,2026-09-05
OG-925,Y.O.,OGH/2026/04298,F,1,OPV,OPV2625,2026-09-03,2026-09-03,Fever,Recovered,,Nurse,2026-09-04
OG-926,Z.P.,OGH/2026/04305,M,4,Yellow Fever,YFV2626,2026-09-03,2026-09-04,Jaundice,Recovering,Serious,Doctor,2026-09-05
OG-927,A.Q.,OGH/2026/04312,F,2,PCV13,PCV2627,2026-09-04,2026-09-04,Cough,Recovered,Non-serious,CHEW,2026-09-05
OG-928,B.R.,OGH/2026/04319,M,1,Rota,ROT2628,2026-09-04,2026-09-05,Intussusception,Not recovered,Serious,Doctor,2026-09-06
OG-929,C.S.,OGH/2026/04326,F,6,Td,TD2629,2026-09-05,2026-09-05,Hedache,Recovered,Non-serious,Nurse,2026-09-06
OG-930,D.T.,OGH/2026/04333,Male,14,HPV,HPV2630,2026-09-05,2026-09-06,Fatigue,Recovering,Non-serious,Patient's mother,2026-09-07
OG-931,E.U.,OGH/2026/04340,F,1,Penta,PEN2631,2026-09-06,2026-09-06,Anaphylaxis,Recovered,,Doctor,2026-09-07
OG-932,F.V.,OGH/2026/04347,M,2,Measles,MEA2632,2026-09-06,2026-09-07,Rash / Itching,Recovered,Non-serious,Nurse,2026-09-08
OG-933,G.W.,OGH/2026/04354,F,3,BCG,BCG2633,2026-09-07,2026-09-08,Injection site abscess,Recovering,Serious,Doctor,2026-09-09
OG-934,H.X.,OGH/2026/04361,M,1,OPV,OPV2634,2026-09-07,2026-09-07,Malaise,Recovered,Non-serious,Nurse,2026-09-08
OG-935,I.Y.,OGH/2026/04368,F,5,Yellow Fever,YFV2635,2026-09-08,2026-09-09,Fever,Died,Serious,Doctor,2026-09-10
OG-936,J.Z.,OGH/2026/04375,M,2,PCV13,PCV2636,2026-09-08,2026-09-08,Chills,Recovered,Non-serious,Nurse,2026-09-09
OG-937,K.A.,OGH/2026/04382,F,1,Rota,ROT2637,2026-09-09,2026-09-10,Vomiting,Recovered,Non-serious,Consumer,2026-09-11
OG-938,L.B.,OGH/2026/04389,M,7,Td,TD2638,2026-09-09,2026-09-09,Arm swelling,Recovering,Non-serious,Pharm,2026-09-10
OG-939,M.C.,OGH/2026/04396,F,15,HPV,HPV2639,2026-09-10,2026-09-10,Dizziness,Recovered,Non-serious,Physician,2026-09-11
OG-940,N.D.,OGH/2026/04403,M,1,Penta,PEN2640,2026-09-10,2026-09-11,Seizure,Recovering,Serious,Doctor,2026-09-12
OG-941,O.E.,OGH/2026/04410,F,2,Measles,MEA2641,2026-09-11,2026-09-11,Fever,Still unwell,Non-serious,Nurse,2026-09-12
OG-942,P.F.,OGH/2026/04417,M,3,BCG,BCG2642,2026-09-11,2026-09-13,Ulcer at injection site,Recovering,Non-serious,Nurse,2026-09-14
OG-943,Q.G.,OGH/2026/04424,F,1,OPV,OPV2643,2026-09-12,2026-09-12,Irritability,Recovered,Non-serious,Community volunteer,2026-09-13
OG-944,R.H.,OGH/2026/04431,M,4,Yellow Fever,YFV2644,2026-09-12,2026-09-13,Pruritus,Recovered,Non-serious,Doctor,2026-09-14
OG-945,S.I.,OGH/2026/04438,F,2,PCV13,PCV2645,2026-09-13,2026-09-13,Fever,Recovered,,Nurse,2026-09-14
OG-946,T.J.,OGH/2026/04445,M,1,Rota,ROT2646,2026-09-13,2026-09-14,Diarrhoea,Recovered fully,Non-serious,Consumer,2026-09-15
OG-947,U.K.,OGH/2026/04452,F,8,Td,TD2647,2026-09-14,2026-09-14,Injection site erythema,Recovered,Non-serious,Nurse,2026-09-15
OG-948,V.L.,OGH/2026/04459,M,16,HPV,HPV2648,2026-09-14,2026-09-15,Syncope,Recovered,Non-serious,Physician,2026-09-16
OG-949,W.M.,OGH/2026/04466,F,1,Penta,PEN2649,2026-09-15,2026-09-15,Convulsions,Recovering,,Doctor,2026-09-16
OG-950,X.N.,OGH/2026/04473,M,3,Measles,MEA2650,2026-09-15,2026-09-16,Fever,Unknown,Non-serious,Nurse,2026-09-17
